<?xml version="1.0" encoding="UTF-8"?>
<beans xmlns="http://www.springframework.org/schema/beans"
     xmlns:xsi="http://www.w3.org/2001/XMLSchema-instance"
     xmlns:aop="http://www.springframework.org/schema/aop"
     xmlns:tx="http://www.springframework.org/schema/tx"
     xsi:schemaLocation="
     http://www.springframework.org/schema/beans
     http://www.springframework.org/schema/beans/spring-beans-2.5.xsd
     http://www.springframework.org/schema/tx
     http://www.springframework.org/schema/tx/spring-tx-2.5.xsd
     http://www.springframework.org/schema/aop
     http://www.springframework.org/schema/aop/spring-aop-2.5.xsd">

  <bean id="miServicio" class="app.Service" />

  <bean id="miDao" class="dao.PersonaDAO">
    <property name="sessionFactory" ref="miSessionFactory" />
  </bean>

  <bean id="miSessionFactory" class="org.springframework.orm.hibernate3.LocalSessionFactoryBean">
    <property name="dataSource" ref="miDataSource" />
    <property name="mappingResources">
      <list>
        <value>model/persona.hbm.xml</value>
      </list>
    </property>
    <property name="hibernateProperties">
      <props>
        <prop key="hibernate.dialect">org.hibernate.dialect.MySQLDialect</prop>
        <prop key="hibernate.show_sql">false</prop>
        <prop key="hibernate.format_sql">true</prop>
        <prop key="hibernate.hbm2ddl.auto">create</prop>
        <prop key="hibernate.current_session_context_class">thread</prop>
      </props>
    </property>
  </bean>

  <bean id="miDataSource" class="org.springframework.jdbc.datasource.DriverManagerDataSource">
    <property name="driverClassName" value="com.mysql.jdbc.Driver"/>
    <property name="url" value="jdbc:mysql://localhost:3306/clase"/>
    <property name="username" value="clase"/>
    <property name="password" value="clase"/>
  </bean>
  
  <aop:config>
    <aop:pointcut id="miPoincut" expression="execution(* *.*.*(..))" />
    <aop:advisor advice-ref="miTransactionAdvice" pointcut-ref="miPoincut" />
  </aop:config>
  
  <tx:advice id="miTransactionAdvice" transaction-manager="miTransactionManager">
    <tx:attributes>
      <tx:method name="list*" read-only="true" />
      <tx:method name="save*" rollback-for="java.lang.Throwable" />
    </tx:attributes>
  </tx:advice>

  <bean id="miTransactionManager" class="org.springframework.orm.hibernate3.HibernateTransactionManager">
    <property name="sessionFactory" ref="miSessionFactory" />
  </bean>

</beans>